n,grupo,excel_name,alias,tipo_excel,filas_con_dato,source_db,source_schema,source_table,source_column,key_column,pick_order_by,filter,expression,notas
1,01 Identificacion,no,no,bigint,329,,,,,,,,,
2,01 Identificacion,gcn,gcn,varchar,355,,,,,,,,,
3,01 Identificacion,imei,imei,bigint,355,,,,,,,,,
4,01 Identificacion,model,model,varchar,355,,,,,,,,,
5,01 Identificacion,color,color,varchar,355,,,,,,,,,
6,01 Identificacion,capacity,capacity,varchar,355,,,,,,,,,
7,01 Identificacion,carrier,carrier,varchar,355,,,,,,,,,
8,01 Identificacion,itemnumber,itemnumber,varchar,355,,,,,,,,,
9,01 Identificacion,item_description,item_description,varchar,355,,,,,,,,,
10,01 Identificacion,po,po,varchar,355,,,,,,,,,
11,02 Build / partes,backglass_condition,backglass_condition,varchar,355,,,,,,,,,
12,02 Build / partes,enclosure_condition,enclosure_condition,varchar,355,,,,,,,,,
13,02 Build / partes,lcd_condition,lcd_condition,varchar,355,,,,,,,,,
14,02 Build / partes,battery_condition,battery_condition,varchar,355,,,,,,,,,
15,02 Build / partes,wptlcd_condition,wptlcd_condition,varchar,355,,,,,,,,,
16,02 Build / partes,wptbackglass_condition,wptbackglass_condition,varchar,355,,,,,,,,,
17,02 Build / partes,pentalobe_condition,pentalobe_condition,varchar,355,,,,,,,,,
18,02 Build / partes,speaker_condition,speaker_condition,varchar,355,,,,,,,,,
19,02 Build / partes,vibrator_condition,vibrator_condition,varchar,355,,,,,,,,,
20,02 Build / partes,earpiece_condition,earpiece_condition,varchar,355,,,,,,,,,
21,02 Build / partes,route,route,varchar,329,,,,,,,,,
22,02 Build / partes,backglass_sku,backglass_sku,varchar,355,,,,,,,,,
23,02 Build / partes,enclosure_sku,enclosure_sku,varchar,355,,,,,,,,,
24,02 Build / partes,lcd_sku,lcd_sku,varchar,355,,,,,,,,,
25,02 Build / partes,battery_sku,battery_sku,varchar,355,,,,,,,,,
26,02 Build / partes,wptlcd_sku,wptlcd_sku,varchar,355,,,,,,,,,
27,02 Build / partes,wptbackglass_sku,wptbackglass_sku,varchar,355,,,,,,,,,
28,02 Build / partes,pentalobe_sku,pentalobe_sku,varchar,355,,,,,,,,,
29,02 Build / partes,speaker_sku,speaker_sku,varchar,355,,,,,,,,,
30,02 Build / partes,vibrator_sku,vibrator_sku,varchar,355,,,,,,,,,
31,02 Build / partes,earpiece_sku,earpiece_sku,varchar,355,,,,,,,,,
32,02 Build / partes,enclosure_qr,enclosure_qr,varchar,350,,,,,,,,,
33,02 Build / partes,lcd_qr,lcd_qr,varchar,353,,,,,,,,,
34,02 Build / partes,backglass_qr,backglass_qr,varchar,353,,,,,,,,,
35,02 Build / partes,battery_qr,battery_qr,varchar,353,,,,,,,,,
36,03 Ensamble / rework Airlink,REWORK DEVICE AT AIRLINK,rework_device_at_airlink,varchar,329,,,,,,,,,
37,03 Ensamble / rework Airlink,airlink_rework_date,airlink_rework_date,varchar,104,,,,,,,,,
38,03 Ensamble / rework Airlink,REWORK REASON AT AIRLINK,rework_reason_at_airlink,varchar,104,,,,,,,,,
39,03 Ensamble / rework Airlink,BACKGLASS ASSEMBLED BY,backglass_assembled_by,varchar,329,,,,,,,,,
40,03 Ensamble / rework Airlink,PCB + HOUSING ASSEMBLED BY,pcb_housing_assembled_by,varchar,329,,,,,,,,,
41,03 Ensamble / rework Airlink,BATTERY + LCD ASSEMBLED BY,battery_lcd_assembled_by,varchar,329,,,,,,,,,
42,03 Ensamble / rework Airlink,CLOSED BY,closed_by,varchar,329,,,,,,,,,
43,03 Ensamble / rework Airlink,Reworked Evidence Picture Count,reworked_evidence_picture_count,varchar,329,,,,,,,,,
44,04 Envio ARL->Assurant,ARL TO ASSU_shipped_date,arl_to_assu_shipped_date,datetime,328,,,,,,,,,
45,04 Envio ARL->Assurant,tracking_dr_shipment,tracking_dr_shipment,bigint,328,,,,,,,,,
46,04 Envio ARL->Assurant,ASSU_delivered_date,assu_delivered_date,datetime,328,,,,,,,,,
47,05 Assurant / FAI AT&T,Rework at assurant,rework_at_assurant,varchar,23,,,,,,,,,
48,05 Assurant / FAI AT&T,Rework Reason,rework_reason,varchar,23,,,,,,,,,
49,05 Assurant / FAI AT&T,Last Rework Date at Assurant,last_rework_date_at_assurant,datetime,23,,,,,,,,,
50,05 Assurant / FAI AT&T,ASSU to AT&T Shipping Date,assu_to_atandt_shipping_date,datetime,307,,,,,,,,,
51,05 Assurant / FAI AT&T,FAI DEVICE_305 Pieces,fai_device_305_pieces,varchar,305,,,,,,,,,
52,05 Assurant / FAI AT&T,devices_tested_AT&T_100_pieces,devices_tested_atandt_100_pieces,varchar,305,,,,,,,,,
53,05 Assurant / FAI AT&T,AT&T WPT ROXER RESULTS,atandt_wpt_roxer_results,varchar,100,,,,,,,,,
54,05 Assurant / FAI AT&T,fai_fail_devices,fai_fail_devices,varchar,305,,,,,,,,,
55,05 Assurant / FAI AT&T,fai_fail_defect,fai_fail_defect,varchar,9,,,,,,,,,
56,05 Assurant / FAI AT&T,Assurant to DR Return Date,assurant_to_dr_return_date,datetime,305,,,,,,,,,
57,06 Evidencia,Reworked Evidence Picture Count2,reworked_evidence_picture_count2,bigint,328,,,,,,,,,
58,06 Evidencia,Reworked Evidence Picture Count3,reworked_evidence_picture_count3,varchar,0,,,,,,,,,Columna vacia en v7
59,07 X-Ray,X-Ray Elegible,x_ray_elegible,varchar,305,,,,,,,,,
60,07 X-Ray,X-Ray LOT,x_ray_lot,varchar,303,,,,,,,,,
61,07 X-Ray,Xray Results,xray_results,varchar,153,,,,,,,,,
62,07 X-Ray,Xray Defect,xray_defect,varchar,6,,,,,,,,,
63,08 Roxer post FAI fail,ARL_Roxer After FAI Fail (TEST 1),arl_roxer_after_fai_fail_test_1,varchar,305,,,,,,,,,
64,08 Roxer post FAI fail,ARL_Roxer After FAI Fail (TEST 1) DATE,arl_roxer_after_fai_fail_test_1_date,datetime,305,,,,,,,,,
65,08 Roxer post FAI fail,Severity,severity,varchar,19,,,,,,,,,
66,08 Roxer post FAI fail,Unit Disassembled for Analysis,unit_disassembled_for_analysis,varchar,10,,,,,,,,,
67,08 Roxer post FAI fail,Peak Deformation (µm),peak_deformation_um,bigint,305,,,,,,,,,
68,08 Roxer post FAI fail,Hold Drift (µm),hold_drift_um,bigint,305,,,,,,,,,
69,08 Roxer post FAI fail,Residual After (µm),residual_after_um,varchar,305,,,,,,,,,
70,08 Roxer post FAI fail,ARL_Roxer After FAI Fail (TEST 2),arl_roxer_after_fai_fail_test_2,varchar,305,,,,,,,,,
71,08 Roxer post FAI fail,ARL_Roxer After FAI Fail (TEST 2) DATE,arl_roxer_after_fai_fail_test_2_date,datetime,272,,,,,,,,,
72,08 Roxer post FAI fail,Peak Deformation (µm)2,peak_deformation_um_2,varchar,0,,,,,,,,,Columna vacia en v7
73,08 Roxer post FAI fail,Hold Drift (µm)3,hold_drift_um_3,varchar,0,,,,,,,,,Columna vacia en v7
74,08 Roxer post FAI fail,Residual After (µm)4,residual_after_um_4,varchar,0,,,,,,,,,Columna vacia en v7
75,09 Analisis de falla,insulation Results_Zone,insulation_results_zone,varchar,19,,,,,,,,,
76,09 Analisis de falla,WPT ENCLOSURE LEAK %,wpt_enclosure_leak,varchar,19,,,,,,,,,
77,09 Analisis de falla,WPT LCD LEAK %,wpt_lcd_leak,bigint,19,,,,,,,,,
78,09 Analisis de falla,Bonding_Surface_Defect,bonding_surface_defect,varchar,19,,,,,,,,,
79,09 Analisis de falla,Zone 1_adhesive_Presence,zone_1_adhesive_presence,varchar,19,,,,,,,,,
80,09 Analisis de falla,Zone 2_adhesive_Presence,zone_2_adhesive_presence,varchar,19,,,,,,,,,
81,09 Analisis de falla,Zone 3_adhesive_Presence,zone_3_adhesive_presence,varchar,19,,,,,,,,,
82,09 Analisis de falla,Zone 4_adhesive_Presence,zone_4_adhesive_presence,varchar,19,,,,,,,,,
83,09 Analisis de falla,Zone 5_adhesive_Presence,zone_5_adhesive_presence,varchar,19,,,,,,,,,
84,09 Analisis de falla,Zone 6_adhesive_Presence,zone_6_adhesive_presence,varchar,19,,,,,,,,,
85,09 Analisis de falla,Zone 1_Condition,zone_1_condition,varchar,19,,,,,,,,,
86,09 Analisis de falla,Zone 2_Condition,zone_2_condition,varchar,19,,,,,,,,,
87,09 Analisis de falla,Zone 3_Condition2,zone_3_condition2,varchar,19,,,,,,,,,
88,09 Analisis de falla,Zone 4_Condition3,zone_4_condition3,varchar,19,,,,,,,,,
89,09 Analisis de falla,Zone 5_Condition,zone_5_condition,varchar,19,,,,,,,,,
90,09 Analisis de falla,Zone 6_Condition,zone_6_condition,varchar,19,,,,,,,,,
91,09 Analisis de falla,Physical Finding,physical_finding,varchar,19,,,,,,,,,
92,09 Analisis de falla,Root Cause,root_cause,varchar,8,,,,,,,,,
93,10 Re-tests Roxer / rework CA nuevo,RAY 1st Lot (115 Units) Roxer Results (after Xray),ray_1st_lot_115_units_roxer_results_after_xray,varchar,115,,,,,,,,,
94,10 Re-tests Roxer / rework CA nuevo,RAY 1st Lot (115 Units) Roxer Results (after Xray) DATE,ray_1st_lot_115_units_roxer_results_after_xray_date,datetime,116,,,,,,,,,
95,10 Re-tests Roxer / rework CA nuevo,LCD Polished,lcd_polished,varchar,1,,,,,,,,,
96,10 Re-tests Roxer / rework CA nuevo,Rework With New CA,rework_with_new_ca,varchar,306,,,,,,,,,
97,10 Re-tests Roxer / rework CA nuevo,REWORK REASON2,rework_reason2,varchar,54,,,,,,,,,
98,10 Re-tests Roxer / rework CA nuevo,Rework With New CA DATE,rework_with_new_ca_date,datetime,53,,,,,,,,,
99,10 Re-tests Roxer / rework CA nuevo,Roxer Results NEW CA,roxer_results_new_ca,varchar,53,,,,,,,,,
100,10 Re-tests Roxer / rework CA nuevo,Roxer Results 2 Date,roxer_results_2_date,datetime,13,,,,,,,,,
101,10 Re-tests Roxer / rework CA nuevo,Roxer Results 2,roxer_results_2,varchar,13,,,,,,,,,
102,10 Re-tests Roxer / rework CA nuevo,Roxer Results 3,roxer_results_3,varchar,53,,,,,,,,,
103,10 Re-tests Roxer / rework CA nuevo,Roxer Results 3 Date,roxer_results_3_date,datetime,53,,,,,,,,,
104,10 Re-tests Roxer / rework CA nuevo,Roxer Results 4,roxer_results_4,varchar,53,,,,,,,,,
105,10 Re-tests Roxer / rework CA nuevo,Roxer Results 4 Date,roxer_results_4_date,datetime,53,,,,,,,,,
106,10 Re-tests Roxer / rework CA nuevo,Roxer Results 5,roxer_results_5,varchar,53,,,,,,,,,
107,10 Re-tests Roxer / rework CA nuevo,Roxer Results 5 Date,roxer_results_5_date,datetime,53,,,,,,,,,
108,10 Re-tests Roxer / rework CA nuevo,Last Day Rework,last_day_rework,datetime,152,,,,,,,,,
109,10 Re-tests Roxer / rework CA nuevo,Rework Reason 3,rework_reason_3,varchar,53,,,,,,,,,
110,10 Re-tests Roxer / rework CA nuevo,Roxer Results 6,roxer_results_6,varchar,53,,,,,,,,,
111,10 Re-tests Roxer / rework CA nuevo,Roxer Results 6 Date,roxer_results_6_date,datetime,53,,,,,,,,,
112,10 Re-tests Roxer / rework CA nuevo,Roxer Results 7,roxer_results_7,varchar,53,,,,,,,,,
113,10 Re-tests Roxer / rework CA nuevo,Roxer Results 7 Date,roxer_results_7_date,datetime,53,,,,,,,,,
114,10 Re-tests Roxer / rework CA nuevo,Rework Times after last closing,rework_times_after_last_closing,varchar,53,,,,,,,,,
115,10 Re-tests Roxer / rework CA nuevo,Rework Reason after last closing,rework_reason_after_last_closing,varchar,6,,,,,,,,,
116,11 Re-ensamble / cambio de partes,BACKGLASS ASSEMBLED BY2,backglass_assembled_by2,varchar,42,,,,,,,,,
117,11 Re-ensamble / cambio de partes,PCB + HOUSING ASSEMBLED BY2,pcb_housing_assembled_by2,varchar,42,,,,,,,,,
118,11 Re-ensamble / cambio de partes,BATTERY + LCD ASSEMBLED BY2,battery_lcd_assembled_by2,varchar,42,,,,,,,,,
119,11 Re-ensamble / cambio de partes,CLOSED BY2,closed_by2,varchar,53,,,,,,,,,
120,11 Re-ensamble / cambio de partes,PARTS CHANGE,parts_change,varchar,34,,,,,,,,,
121,11 Re-ensamble / cambio de partes,backglass_condition2,backglass_condition2,varchar,5,,,,,,,,,
122,11 Re-ensamble / cambio de partes,enclosure_condition2,enclosure_condition2,varchar,27,,,,,,,,,
123,11 Re-ensamble / cambio de partes,lcd_condition2,lcd_condition2,varchar,12,,,,,,,,,
124,11 Re-ensamble / cambio de partes,enclosure_qr2,enclosure_qr2,varchar,27,,,,,,,,,
125,11 Re-ensamble / cambio de partes,lcd_qr2,lcd_qr2,varchar,12,,,,,,,,,
126,11 Re-ensamble / cambio de partes,backglass_qr2,backglass_qr2,varchar,5,,,,,,,,,
127,11 Re-ensamble / cambio de partes,battery_qr2,battery_qr2,varchar,0,,,,,,,,,Columna vacia en v7
128,12 Envio final / resultados Assurant,Shipping ARL TO ASSURANT Tracking,shipping_arl_to_assurant_tracking,varchar,331,,,,,,,,,En el Excel es XLOOKUP a otro archivo
129,12 Envio final / resultados Assurant,Shipping ARL TO ASSURANT Date,shipping_arl_to_assurant_date,datetime,306,,,,,,,,,
130,12 Envio final / resultados Assurant,ASSURANT TEST RESULTS,assurant_test_results,varchar,331,,,,,,,,,En el Excel es XLOOKUP a otro archivo
131,12 Envio final / resultados Assurant,ASSURANT TEST RESULTS DEFECT,assurant_test_results_defect,varchar,29,,,,,,,,,
132,12 Envio final / resultados Assurant,Reworked at Airlnk_Final,reworked_at_airlnk_final,varchar,22,,,,,,,,,
133,12 Envio final / resultados Assurant,Reworked at Airlnk_Final Date,reworked_at_airlnk_final_date,varchar,48,,,,,,,,,
134,12 Envio final / resultados Assurant,Device Build with Plasma Process,device_build_with_plasma_process,varchar,35,,,,,,,,,
135,12 Envio final / resultados Assurant,Second FAI Submission,second_fai_submission,varchar,300,,,,,,,,,
